id_leitura,data,turno,temperatura_c,vibracao_mm_s,consumo_kwh,horas_operacao,falha,energia_por_hora,indice_estresse
1,2026-09-02,tarde,70.0,2.25,83.0,7,nao,11.857142857142858,1.3202380952380952
2,2026-09-03,noite,67.0,2.5,86.0,8,nao,10.75,1.2783333333333333
3,2026-09-04,manha,68.0,2.75,89.0,9,nao,9.88888888888889,1.2846296296296298
4,2026-09-05,tarde,73.0,3.0,92.0,10,nao,9.2,1.3366666666666667
5,2026-09-06,noite,70.0,3.25,95.0,6,nao,15.833333333333334,1.5527777777777776
6,2026-09-07,manha,71.0,2.0,98.0,7,nao,14.0,1.3766666666666665
7,2026-09-08,tarde,76.0,2.25,101.0,8,nao,12.625,1.4058333333333333
8,2026-09-09,noite,115.0,2.5,104.0,9,nao,11.555555555555555,1.7851851851851852
9,2026-09-10,manha,66.0,2.75,107.0,10,nao,10.7,1.2916666666666667
10,2026-09-11,tarde,71.0,3.0,80.0,6,nao,13.333333333333334,1.4544444444444444
11,2026-09-12,noite,68.0,3.25,83.0,7,nao,11.857142857142858,1.4002380952380955
12,2026-09-13,manha,69.0,2.0,86.0,8,nao,10.75,1.2483333333333333
13,2026-09-14,tarde,70.0,2.25,89.0,9,nao,9.88888888888889,1.2546296296296295
14,2026-09-15,noite,71.0,2.5,92.0,10,nao,9.2,1.2666666666666666
15,2026-09-16,manha,72.0,2.75,95.0,6,nao,15.833333333333334,1.5227777777777778
16,2026-09-17,tarde,69.0,3.0,98.0,7,nao,14.0,1.4566666666666666
17,2026-09-18,noite,66.0,3.25,101.0,8,nao,12.625,1.4058333333333335
18,2026-09-19,manha,67.0,2.0,104.0,9,nao,11.555555555555555,1.2551851851851854
19,2026-09-20,tarde,72.0,9.5,107.0,10,nao,10.7,2.0266666666666664
20,2026-09-21,noite,69.0,2.5,80.0,6,nao,13.333333333333334,1.3844444444444444
21,2026-09-22,manha,70.0,2.75,83.0,7,nao,11.857142857142858,1.3702380952380953
22,2026-09-23,tarde,75.0,3.0,86.0,8,nao,10.75,1.4083333333333334
23,2026-09-24,noite,72.0,3.25,89.0,9,nao,9.88888888888889,1.3746296296296296
24,2026-09-25,manha,65.0,2.0,92.0,10,nao,9.2,1.1566666666666667
25,2026-09-26,tarde,70.0,2.25,95.0,6,nao,15.833333333333334,1.4527777777777777
26,2026-09-27,noite,67.0,2.5,98.0,7,nao,14.0,1.3866666666666667
27,2026-09-28,manha,68.0,2.75,95.0,8,nao,11.875,1.3508333333333333
28,2026-09-01,tarde,73.0,3.0,104.0,9,nao,11.555555555555555,1.415185185185185
29,2026-09-02,noite,70.0,3.25,107.0,10,nao,10.7,1.3816666666666666
30,2026-09-03,manha,71.0,2.0,80.0,6,nao,13.333333333333334,1.3544444444444443
31,2026-09-04,tarde,76.0,2.25,83.0,7,nao,11.857142857142858,1.3802380952380953
32,2026-09-05,noite,65.0,2.5,180.0,8,nao,22.5,1.65
33,2026-09-06,manha,66.0,2.75,89.0,9,nao,9.88888888888889,1.2646296296296298
34,2026-09-07,tarde,71.0,3.0,92.0,10,nao,9.2,1.3166666666666667
35,2026-09-08,noite,68.0,3.25,95.0,6,nao,15.833333333333334,1.532777777777778
36,2026-09-09,manha,69.0,2.0,98.0,7,nao,14.0,1.3566666666666665
37,2026-09-10,tarde,74.0,2.25,101.0,8,nao,12.625,1.3858333333333333
38,2026-09-11,noite,71.0,2.5,104.0,9,nao,11.555555555555555,1.3451851851851853
39,2026-09-12,manha,72.0,2.75,107.0,10,nao,10.7,1.3516666666666666
40,2026-09-13,tarde,69.0,3.0,80.0,6,nao,13.333333333333334,1.4344444444444444
41,2026-09-14,noite,66.0,3.25,83.0,7,nao,11.857142857142858,1.3802380952380955
42,2026-09-15,manha,67.0,2.0,86.0,8,nao,10.75,1.2283333333333335
43,2026-09-16,tarde,72.0,2.25,89.0,9,nao,9.88888888888889,1.2746296296296296
44,2026-09-17,noite,69.0,2.5,92.0,10,nao,9.2,1.2466666666666666
45,2026-09-18,manha,95.0,8.0,95.0,6,sim,15.833333333333334,2.2777777777777777
46,2026-09-19,tarde,75.0,3.0,98.0,7,nao,14.0,1.5166666666666666
47,2026-09-20,noite,72.0,3.25,101.0,8,nao,12.625,1.4658333333333333
48,2026-09-21,manha,65.0,2.0,104.0,9,nao,11.555555555555555,1.2351851851851854
49,2026-09-22,tarde,70.0,2.25,107.0,10,nao,10.7,1.2816666666666665
50,2026-09-23,noite,67.0,2.5,80.0,6,nao,13.333333333333334,1.3644444444444446
51,2026-09-24,manha,68.0,2.75,83.0,7,nao,11.857142857142858,1.3502380952380952
52,2026-09-25,tarde,73.0,3.0,86.0,8,nao,10.75,1.3883333333333334
53,2026-09-26,noite,70.0,3.25,89.0,9,nao,9.88888888888889,1.3546296296296296
54,2026-09-27,manha,71.0,2.0,92.0,10,nao,9.2,1.2166666666666666
55,2026-09-28,tarde,76.0,2.25,95.0,6,nao,15.833333333333334,1.5127777777777778
56,2026-09-01,noite,65.0,2.5,98.0,7,nao,14.0,1.3666666666666667
57,2026-09-02,manha,66.0,2.75,101.0,8,nao,12.625,1.3558333333333334
58,2026-09-03,tarde,71.0,3.0,104.0,9,nao,11.555555555555555,1.395185185185185
59,2026-09-04,noite,68.0,3.25,107.0,10,nao,10.7,1.3616666666666668
60,2026-09-05,manha,69.0,2.0,80.0,6,nao,13.333333333333334,1.3344444444444443
