id_leitura,data,turno,temperatura_c,vibracao_mm_s,consumo_kwh,horas_operacao,falha
1,2026-09-02,tarde,70.0,2.25,83.0,7,nao
2,2026-09-03,noite,67.0,2.5,86.0,8,nao
3,2026-09-04,manha,68.0,2.75,89.0,9,nao
4,2026-09-05,tarde,73.0,3.0,92.0,10,nao
5,2026-09-06,noite,70.0,3.25,95.0,6,nao
6,2026-09-07,manha,71.0,2.0,98.0,7,nao
7,2026-09-08,tarde,76.0,2.25,101.0,8,nao
8,2026-09-09,noite,115.0,2.5,104.0,9,nao
9,2026-09-10,manha,66.0,2.75,107.0,10,nao
10,2026-09-11,tarde,71.0,3.0,80.0,6,nao
11,2026-09-12,noite,68.0,3.25,83.0,7,nao
12,2026-09-13,manha,69.0,2.0,86.0,8,nao
13,2026-09-14,tarde,,2.25,89.0,9,nao
14,2026-09-15,noite,71.0,2.5,92.0,10,nao
15,2026-09-16,manha,72.0,2.75,95.0,6,nao
16,2026-09-17,tarde,69.0,3.0,98.0,7,nao
17,2026-09-18,noite,66.0,3.25,101.0,8,nao
18,2026-09-19,manha,67.0,2.0,104.0,9,nao
19,2026-09-20,tarde,72.0,9.5,107.0,10,nao
20,2026-09-21,noite,69.0,2.5,80.0,6,nao
21,2026-09-22,manha,70.0,2.75,83.0,7,nao
22,2026-09-23,tarde,75.0,3.0,86.0,8,nao
23,2026-09-24,noite,72.0,3.25,89.0,9,nao
24,2026-09-25,manha,65.0,2.0,92.0,10,nao
25,2026-09-26,tarde,70.0,2.25,95.0,6,nao
26,2026-09-27,noite,67.0,2.5,98.0,7,nao
27,2026-09-28,manha,68.0,2.75,,8,nao
28,2026-09-01,tarde,73.0,3.0,104.0,9,nao
29,2026-09-02,noite,70.0,3.25,107.0,10,nao
30,2026-09-03,manha,71.0,2.0,80.0,6,nao
31,2026-09-04,tarde,76.0,2.25,83.0,7,nao
32,2026-09-05,noite,65.0,2.5,180.0,8,nao
33,2026-09-06,manha,66.0,2.75,89.0,9,nao
34,2026-09-07,tarde,71.0,3.0,92.0,10,nao
35,2026-09-08,noite,68.0,3.25,95.0,6,nao
36,2026-09-09,manha,69.0,2.0,98.0,7,nao
37,2026-09-10,tarde,74.0,2.25,101.0,8,nao
38,2026-09-11,noite,71.0,2.5,104.0,9,nao
39,2026-09-12,manha,72.0,2.75,107.0,10,nao
40,2026-09-13,tarde,69.0,3.0,80.0,6,nao
41,2026-09-14,noite,66.0,3.25,83.0,7,nao
42,2026-09-15,manha,67.0,2.0,86.0,8,nao
43,2026-09-16,tarde,72.0,2.25,89.0,9,nao
44,2026-09-17,noite,69.0,2.5,92.0,10,nao
45,2026-09-18,manha,95.0,8.0,95.0,6,sim
46,2026-09-19,tarde,75.0,3.0,98.0,7,nao
47,2026-09-20,noite,72.0,3.25,101.0,8,nao
48,2026-09-21,manha,65.0,2.0,104.0,9,nao
49,2026-09-22,tarde,70.0,2.25,107.0,10,nao
50,2026-09-23,noite,67.0,2.5,80.0,6,nao
51,2026-09-24,manha,68.0,2.75,83.0,7,nao
52,2026-09-25,tarde,73.0,3.0,86.0,8,nao
53,2026-09-26,noite,70.0,3.25,89.0,9,nao
54,2026-09-27,manha,71.0,2.0,92.0,10,nao
55,2026-09-28,tarde,76.0,2.25,95.0,6,nao
56,2026-09-01,noite,65.0,2.5,98.0,7,nao
57,2026-09-02,manha,66.0,2.75,101.0,8,nao
58,2026-09-03,tarde,71.0,3.0,104.0,9,nao
59,2026-09-04,noite,68.0,3.25,107.0,10,nao
60,2026-09-05,manha,69.0,2.0,80.0,6,nao
